{"cameraMode":{"drawMode":0,"name":"Shaded","section":"Shading Mode"},"sceneLighting":true,"audioPlay":false,"sceneViewState":{"m_AlwaysRefresh":false,"showFog":true,"showSkybox":true,"showFlares":true,"showImageEffects":true,"showParticleSystems":true,"showVisualEffectGraphs":true,"m_FxEnabled":true},"in2DMode":false,"pivot":{"x":3.5695948600769045,"y":3.6628005504608156,"z":-4.210882663726807},"rotation":{"x":0.12420351803302765,"y":0.0672333687543869,"z":-0.008435456082224846,"w":0.9899662733078003},"size":10.693807601928711,"orthographic":false}