{"cameraMode":{"drawMode":0,"name":"Shaded","section":"Shading Mode"},"sceneLighting":true,"audioPlay":false,"sceneViewState":{"m_AlwaysRefresh":false,"showFog":true,"showSkybox":true,"showFlares":true,"showImageEffects":true,"showParticleSystems":true,"showVisualEffectGraphs":true,"m_FxEnabled":true},"in2DMode":false,"pivot":{"x":-0.7191942930221558,"y":2.999868869781494,"z":-6.127662658691406},"rotation":{"x":0.06603766232728958,"y":0.08553940802812576,"z":-0.005501975305378437,"w":0.9942052364349365},"size":5.879065990447998,"orthographic":false}