{"cameraMode":{"drawMode":0,"name":"Shaded","section":"Shading Mode"},"sceneLighting":true,"audioPlay":false,"sceneViewState":{"m_AlwaysRefresh":false,"showFog":true,"showSkybox":true,"showFlares":true,"showImageEffects":true,"showParticleSystems":true,"showVisualEffectGraphs":true,"m_FxEnabled":true},"in2DMode":false,"pivot":{"x":-1.1108152866363526,"y":0.7848794460296631,"z":-4.931694507598877},"rotation":{"x":0.007181753404438496,"y":0.6367666125297546,"z":-0.005924955476075411,"w":0.7710356712341309},"size":5.244206428527832,"orthographic":false}