{"cameraMode":{"drawMode":0,"name":"Shaded","section":"Shading Mode"},"sceneLighting":true,"audioPlay":false,"sceneViewState":{"m_AlwaysRefresh":false,"showFog":true,"showSkybox":true,"showFlares":true,"showImageEffects":true,"showParticleSystems":true,"showVisualEffectGraphs":true,"m_FxEnabled":true},"in2DMode":false,"pivot":{"x":1.9204161167144776,"y":2.3851852416992189,"z":-4.615814685821533},"rotation":{"x":0.12596768140792848,"y":0.0181888435035944,"z":-0.0021596678998321296,"w":0.9919562935829163},"size":3.6789791584014894,"orthographic":false}