{"cameraMode":{"drawMode":0,"name":"Shaded","section":"Shading Mode"},"sceneLighting":true,"audioPlay":false,"sceneViewState":{"m_AlwaysRefresh":false,"showFog":true,"showSkybox":true,"showFlares":true,"showImageEffects":true,"showParticleSystems":true,"showVisualEffectGraphs":true,"m_FxEnabled":true},"in2DMode":false,"pivot":{"x":-0.5704666376113892,"y":-0.3836490511894226,"z":-5.079176902770996},"rotation":{"x":0.07896948605775833,"y":0.13743728399276734,"z":-0.010977741330862046,"w":0.9873387217521668},"size":7.644989013671875,"orthographic":false}